銘柄,仕入単価,区分,容量,季節ラベル,隠し酒,納品日
十四代 中取り 無濾過,2350,通常,720ml,,1,2026-06-25
新政 エクリュ 生成 2025 中取り,2993,通常,720ml,,1,2026-06-25
蒼空 美山錦 純米酒,2200,通常,500ml,,,2026-06-25
風の森 露葉風507 純米大吟醸,1800,通常,720ml,,,2026-06-25
寫樂 隈取炎舞,3636,通常,720ml,限定,,2026-06-25
黒龍 大吟醸,6000,通常,1.8L,限定,,2026-06-25
醸し人九平次 human 純米大吟醸,6000,通常,1.8L,,,2026-06-25
男山 生酛 特別純米酒,2727,通常,1.8L,,,2026-06-25
南部美人 特別純米酒,3400,通常,1.8L,,,2026-06-25
与右衛門 夏ぎんが 純米吟醸 直汲み生原酒,3500,通常,1.8L,夏,,2026-06-25
米鶴 ピンクのカッパ 純米酒,3454,通常,1.8L,,,2026-06-25
日高見 超辛口 純米酒,2700,通常,1.8L,,,2026-06-25
廣戸川 純米吟醸,3150,通常,1.8L,,,2026-06-25
仙禽 モダン 壱式 火入,3300,通常,1.8L,,,2026-06-25
江戸開城 純米吟醸原酒 山田錦,4500,通常,1.8L,,,2026-06-25
真澄 純米 奥伝寒造り,2860,通常,1.8L,,,2026-06-25
勝駒 本仕込 火入れ,3250,プレミア・希少,1.8L,限定,,2026-06-25
常山 純米吟醸 玄達,3600,通常,1.8L,,,2026-06-25
磯自慢 別撰 本醸造,3330,通常,1.8L,,,2026-06-25
竹雀 超辛口 純米生原酒 Clear Sky Bottle,3500,通常,1.8L,,,2026-06-25
みむろ杉 露葉風 特別純米 辛口,3100,通常,1.8L,,,2026-06-25
紀土 夏ノ疾風 純米吟醸,2700,通常,1.8L,夏,,2026-06-25
奥播磨 夏の芳醇超辛 純米吟醸 青ラベル,3400,通常,1.8L,夏,,2026-06-25
三冠 夏季限定 雄町 純米生酒,3100,通常,1.8L,夏,,2026-06-25
鶴齢 R7BY 阿州山田錦 純米 無濾過生酒,4350,通常,1.8L,,,2026-06-25
田中六五 白菊山田 純米 火入,3740,通常,1.8L,,,2026-06-25
鍋島 特別本醸造,2591,通常,1.8L,,,2026-06-25
